{
  "project_info": {
    "project_number": "1056446299774",
    "project_id": "baba-f780c",
    "storage_bucket": "baba-f780c.appspot.com"
  },
  "client": [
    {
      "client_info": {
        "mobilesdk_app_id": "1:1056446299774:android:4d19fdd2f3f03d748f222f",
        "android_client_info": {
          "package_name": "com.example.baba"
        }
      },
      "oauth_client": [
        {
          "client_id": "1056446299774-e779pg4d168qg0unl4ue9ao2baq7l2rl.apps.googleusercontent.com",
          "client_type": 3
        }
      ],
      "api_key": [
        {
          "current_key": "AIzaSyCaFDoBTwdSOKENvW2XfpcqS4eP591uGY4"
        }
      ],
      "services": {
        "appinvite_service": {
          "other_platform_oauth_client": [
            {
              "client_id": "1056446299774-e779pg4d168qg0unl4ue9ao2baq7l2rl.apps.googleusercontent.com",
              "client_type": 3
            }
          ]
        }
      }
    }
  ],
  "configuration_version": "1"
}